[
{
  "model": "agreements.resource",
  "pk": 1,
  "fields": {
    "name": "Test Resource One",
    "slug": "test-resource-one",
    "description": "The first test resource, a fine resource <strong>indeed.</strong>"
  }
},
{
  "model": "agreements.resource",
  "pk": 2,
  "fields": {
    "name": "Test Resource Two",
    "slug": "test-resource-two",
    "description": "A fine <strong> resource</strong> indeed!"
  }
},
{
  "model": "agreements.resource",
  "pk": 3,
  "fields": {
    "name": "Test Resource Three",
    "slug": "test-resource-three",
    "description": "Now <em>here</em> is a good resource!"
  }
},
{
  "model": "agreements.resource",
  "pk": 4,
  "fields": {
    "name": "Test Resource Four",
    "slug": "test-resource-four",
    "description": "OMG another resource?!"
  }
},
{
  "model": "agreements.resource",
  "pk": 5,
  "fields": {
    "name": "Test Resource Five",
    "slug": "test-resource-five",
    "description": "I <strong>can't</strong> believe it, another resource just for me. <small>aww</small>"
  }
},
{
  "model": "agreements.faculty",
  "pk": 1,
  "fields": {
    "name": "Faculty of Engineering and Design",
    "slug": "faculty-of-engineering-and-design"
  }
},
{
  "model": "agreements.faculty",
  "pk": 2,
  "fields": {
    "name": "Faculty of Arts and Social Sciences",
    "slug": "faculty-of-arts-and-social-sciences"
  }
},
{
  "model": "agreements.department",
  "pk": 1,
  "fields": {
    "name": "Department of Civil and Environmental Engineering",
    "slug": "department-of-civil-and-environmental-engineering",
    "faculty": 1
  }
},
{
  "model": "agreements.department",
  "pk": 2,
  "fields": {
    "name": "Department of Electronics",
    "slug": "department-of-electronics",
    "faculty": 1
  }
},
{
  "model": "agreements.department",
  "pk": 3,
  "fields": {
    "name": "Department of Mechanical and Aerospace Engineering",
    "slug": "department-of-mechanical-and-aerospace-engineering",
    "faculty": 1
  }
},
{
  "model": "agreements.department",
  "pk": 4,
  "fields": {
    "name": "Department of English Language and Literature",
    "slug": "department-of-english-language-and-literature",
    "faculty": 2
  }
},
{
  "model": "agreements.department",
  "pk": 5,
  "fields": {
    "name": "Department of French",
    "slug": "department-of-french",
    "faculty": 2
  }
},
{
  "model": "agreements.department",
  "pk": 6,
  "fields": {
    "name": "Department of Geography and Environmental Studies",
    "slug": "department-of-geography-and-environmental-studies",
    "faculty": 2
  }
},
{
  "model": "agreements.agreement",
  "pk": 1,
  "fields": {
    "title": "Test Agreement One",
    "slug": "test-agreement-one",
    "resource": 1,
    "body": "<h3>The agreement</h3>\n<p>Here's the agreement text. It's very important that you read this.</p>",
    "created": "2020-04-25",
    "redirect_url": "https://library.carleton.ca",
    "redirect_text": "Library website",
    "hidden": false
  }
},
{
  "model": "agreements.agreement",
  "pk": 2,
  "fields": {
    "title": "Test Agreement Two",
    "slug": "test-agreement-two",
    "resource": 2,
    "body": "A second agreement?!?! <strong>NO WAY</strong>",
    "created": "2020-04-25",
    "redirect_url": "https://another.url",
    "redirect_text": "wefwef",
    "hidden": false
  }
},
{
  "model": "agreements.agreement",
  "pk": 3,
  "fields": {
    "title": "Test Agreement Three",
    "slug": "test-agreement-three",
    "resource": 3,
    "body": "This is the <sub>test agreement</sub> number three!",
    "created": "2020-04-25",
    "redirect_url": "https://test.com",
    "redirect_text": "Another test redirect link",
    "hidden": false
  }
},
{
  "model": "agreements.agreement",
  "pk": 4,
  "fields": {
    "title": "Test Agreement Four",
    "slug": "test-agreement-four",
    "resource": 4,
    "body": "A TEST agreement?! you don't <sub>say</sub><cite>hmm</cite>",
    "created": "2020-04-25",
    "redirect_url": "https://nope.com",
    "redirect_text": "NOPE",
    "hidden": false
  }
},
{
  "model": "agreements.agreement",
  "pk": 5,
  "fields": {
    "title": "Test Agreement Five",
    "slug": "test-agreement-five",
    "resource": 5,
    "body": "The <abbr title=\"last\">l</abbr> of these agreements.",
    "created": "2020-04-25",
    "redirect_url": "https://redirect.url",
    "redirect_text": "Redirect Text",
    "hidden": false
  }
},
{
  "model": "auth.permission",
  "pk": 1,
  "fields": {
    "name": "Can add permission",
    "content_type": 1,
    "codename": "add_permission"
  }
},
{
  "model": "accounts.user",
  "pk": 1,
  "fields": {
    "password": "!Cw1TGKnzWmVmIR8j1rHJ7511PPeM3onlwCICHkFx",
    "last_login": null,
    "is_superuser": false,
    "username": "AnonymousUser",
    "first_name": "",
    "last_name": "",
    "email": "",
    "is_staff": false,
    "is_active": true,
    "date_joined": "2020-04-25T02:51:13.334Z",
    "groups": [],
    "user_permissions": []
  }
},
{
  "model": "accounts.user",
  "pk": 2,
  "fields": {
    "password": "pbkdf2_sha256$180000$BNYMQLQF9AzV$R8C5q+SF+pgmNc2TBIn8o5Sdu452VeEPBuFzhcUqTFU=",
    "last_login": "2020-04-25T17:30:13.551Z",
    "is_superuser": true,
    "username": "admin",
    "first_name": "",
    "last_name": "",
    "email": "admin@test.com",
    "is_staff": true,
    "is_active": true,
    "date_joined": "2020-04-25T00:09:21.817Z",
    "groups": [],
    "user_permissions": []
  }
},
{
  "model": "accounts.user",
  "pk": 3,
  "fields": {
    "password": "pbkdf2_sha256$180000$Y3bTiRWoZn7z$0v8zjwUldqvYpEWrAqYxsmSCIvynD2/6n+Fj1pzVcfs=",
    "last_login": "2020-04-25T02:51:44.471Z",
    "is_superuser": false,
    "username": "student1",
    "first_name": "Student",
    "last_name": "One",
    "email": "student1@test.com",
    "is_staff": false,
    "is_active": true,
    "date_joined": "2020-04-25T01:02:19.677Z",
    "groups": [],
    "user_permissions": []
  }
},
{
  "model": "accounts.user",
  "pk": 4,
  "fields": {
    "password": "pbkdf2_sha256$180000$xghkAVu2GJwD$zsfxG+toZeoz5Je9qTZGHONzMkw7TmFofeqpVWTvdHE=",
    "last_login": "2020-04-25T02:53:38.152Z",
    "is_superuser": false,
    "username": "student2",
    "first_name": "Student",
    "last_name": "Two",
    "email": "student2@test.com",
    "is_staff": false,
    "is_active": true,
    "date_joined": "2020-04-25T01:02:19.828Z",
    "groups": [],
    "user_permissions": []
  }
},
{
  "model": "accounts.user",
  "pk": 5,
  "fields": {
    "password": "pbkdf2_sha256$180000$J34ugxiXhY0y$/Wp3tk6KfitMdtumfa8AyB2AkyYiKfv7qrlBzCi0ZEA=",
    "last_login": "2020-04-25T17:28:02.595Z",
    "is_superuser": false,
    "username": "student3",
    "first_name": "Student",
    "last_name": "Three",
    "email": "student3@test.com",
    "is_staff": false,
    "is_active": true,
    "date_joined": "2020-04-25T01:02:19.947Z",
    "groups": [],
    "user_permissions": []
  }
},
{
  "model": "accounts.user",
  "pk": 6,
  "fields": {
    "password": "pbkdf2_sha256$180000$KuWUpTD7OMwB$uuDo1X1URojPkoA048yl8X9mfoo0jVvGSzax8oRFRJA=",
    "last_login": "2020-04-25T17:28:46.695Z",
    "is_superuser": false,
    "username": "student4",
    "first_name": "Student",
    "last_name": "Four",
    "email": "student4@test.com",
    "is_staff": false,
    "is_active": true,
    "date_joined": "2020-04-25T01:02:20.066Z",
    "groups": [],
    "user_permissions": []
  }
},
{
  "model": "accounts.user",
  "pk": 7,
  "fields": {
    "password": "pbkdf2_sha256$180000$oJ1h6D31ENTY$g2xppw2MuUoztUQaSfU8Hq1NnpBb/HdkaztH3MvCBfE=",
    "last_login": "2020-04-25T17:29:27.227Z",
    "is_superuser": false,
    "username": "student5",
    "first_name": "Student",
    "last_name": "Five",
    "email": "student5@test.com",
    "is_staff": false,
    "is_active": true,
    "date_joined": "2020-04-25T01:02:20.185Z",
    "groups": [],
    "user_permissions": []
  }
},
{
  "model": "accounts.user",
  "pk": 8,
  "fields": {
    "password": "pbkdf2_sha256$180000$ViyoWvNqiaec$AYWu6xPCZP+qWxinLVLxTnpAvejOKJdNQI9wh2Q6ys4=",
    "last_login": null,
    "is_superuser": false,
    "username": "student6",
    "first_name": "Student",
    "last_name": "Six",
    "email": "student6@test.com",
    "is_staff": false,
    "is_active": true,
    "date_joined": "2020-04-25T01:02:20.306Z",
    "groups": [],
    "user_permissions": []
  }
},
{
  "model": "accounts.user",
  "pk": 9,
  "fields": {
    "password": "pbkdf2_sha256$180000$M1BUCx7QReA9$rhshnOUssP9+ew+Xv5GIhXuXKXUGT6W4D4Tvn3Kf2Tk=",
    "last_login": null,
    "is_superuser": false,
    "username": "student7",
    "first_name": "Student",
    "last_name": "Seven",
    "email": "student7@test.com",
    "is_staff": false,
    "is_active": true,
    "date_joined": "2020-04-25T01:02:20.424Z",
    "groups": [],
    "user_permissions": []
  }
},
{
  "model": "accounts.user",
  "pk": 10,
  "fields": {
    "password": "pbkdf2_sha256$180000$LYWIwKlYomgq$TZGIXWGP8qn63B0el/HhF1e2vWr0l2TZ+jJELZ/1v+k=",
    "last_login": null,
    "is_superuser": false,
    "username": "student8",
    "first_name": "Student",
    "last_name": "Eight",
    "email": "student8@test.com",
    "is_staff": false,
    "is_active": true,
    "date_joined": "2020-04-25T01:02:20.552Z",
    "groups": [],
    "user_permissions": []
  }
},
{
  "model": "accounts.user",
  "pk": 11,
  "fields": {
    "password": "pbkdf2_sha256$180000$JbR67tNqX592$7bmXLyYZLgT4icOE6YIwzYkB5HJIbV9tYM3zLXMtnAo=",
    "last_login": null,
    "is_superuser": false,
    "username": "student9",
    "first_name": "Student",
    "last_name": "Nine",
    "email": "student9@test.com",
    "is_staff": false,
    "is_active": true,
    "date_joined": "2020-04-25T01:02:20.670Z",
    "groups": [],
    "user_permissions": []
  }
},
{
  "model": "accounts.user",
  "pk": 12,
  "fields": {
    "password": "pbkdf2_sha256$180000$S8VYmCcJ6JLu$mO0wHmFzE6DD/0dPBqPxZ/YKgkwjV4RvNNUO+RH+sHY=",
    "last_login": null,
    "is_superuser": false,
    "username": "student10",
    "first_name": "Student",
    "last_name": "Ten",
    "email": "student10@test.com",
    "is_staff": false,
    "is_active": true,
    "date_joined": "2020-04-25T01:02:20.788Z",
    "groups": [],
    "user_permissions": []
  }
},
{
  "model": "accounts.user",
  "pk": 13,
  "fields": {
    "password": "pbkdf2_sha256$180000$CPl5PdMcpjSm$XATc6V6rDE7XEaY2NXS55fckfr/KRv1n0fcE0/T5d8Q=",
    "last_login": null,
    "is_superuser": false,
    "username": "staff1",
    "first_name": "Staff",
    "last_name": "One",
    "email": "staff1@test.com",
    "is_staff": true,
    "is_active": true,
    "date_joined": "2020-04-25T01:03:14.988Z",
    "groups": [],
    "user_permissions": []
  }
},
{
  "model": "accounts.user",
  "pk": 14,
  "fields": {
    "password": "pbkdf2_sha256$180000$0kPP4YcZW4st$av6+L5/k1mi4SKOVFbpsn0sJiSIBiE8N3CvF7czyQe4=",
    "last_login": null,
    "is_superuser": false,
    "username": "staff2",
    "first_name": "Staff",
    "last_name": "Two",
    "email": "staff2@test.com",
    "is_staff": true,
    "is_active": true,
    "date_joined": "2020-04-25T01:03:15.113Z",
    "groups": [],
    "user_permissions": []
  }
},
{
  "model": "accounts.user",
  "pk": 15,
  "fields": {
    "password": "pbkdf2_sha256$180000$0apgGgUJ5NP1$ZZo+UwH9g1JytZOkL5VsQSJRDfQ1Tey3FXy1dzoVKVs=",
    "last_login": null,
    "is_superuser": false,
    "username": "staff3",
    "first_name": "Staff",
    "last_name": "Three",
    "email": "staff3@test.com",
    "is_staff": true,
    "is_active": true,
    "date_joined": "2020-04-25T01:03:15.246Z",
    "groups": [],
    "user_permissions": []
  }
},
{
  "model": "agreements.signature",
  "pk": 1,
  "fields": {
    "agreement": 1,
    "signatory": 3,
    "username": "student1",
    "first_name": "Student",
    "last_name": "One",
    "email": "student1@test.com",
    "department": 1,
    "signed_at": "2020-04-25T02:51:59.011Z"
  }
},
{
  "model": "agreements.signature",
  "pk": 2,
  "fields": {
    "agreement": 2,
    "signatory": 3,
    "username": "student1",
    "first_name": "Student",
    "last_name": "One",
    "email": "student1@test.com",
    "department": 1,
    "signed_at": "2020-04-25T02:53:11.751Z"
  }
},
{
  "model": "agreements.signature",
  "pk": 3,
  "fields": {
    "agreement": 3,
    "signatory": 3,
    "username": "student1",
    "first_name": "Student",
    "last_name": "One",
    "email": "student1@test.com",
    "department": 2,
    "signed_at": "2020-04-25T02:53:18.503Z"
  }
},
{
  "model": "agreements.signature",
  "pk": 4,
  "fields": {
    "agreement": 4,
    "signatory": 3,
    "username": "student1",
    "first_name": "Student",
    "last_name": "One",
    "email": "student1@test.com",
    "department": 1,
    "signed_at": "2020-04-25T02:53:24.100Z"
  }
},
{
  "model": "agreements.signature",
  "pk": 5,
  "fields": {
    "agreement": 5,
    "signatory": 3,
    "username": "student1",
    "first_name": "Student",
    "last_name": "One",
    "email": "student1@test.com",
    "department": 3,
    "signed_at": "2020-04-25T02:53:29.174Z"
  }
},
{
  "model": "agreements.signature",
  "pk": 6,
  "fields": {
    "agreement": 1,
    "signatory": 4,
    "username": "student2",
    "first_name": "Student",
    "last_name": "Two",
    "email": "student2@test.com",
    "department": 1,
    "signed_at": "2020-04-25T02:53:48.291Z"
  }
},
{
  "model": "agreements.signature",
  "pk": 7,
  "fields": {
    "agreement": 2,
    "signatory": 4,
    "username": "student2",
    "first_name": "Student",
    "last_name": "Two",
    "email": "student2@test.com",
    "department": 5,
    "signed_at": "2020-04-25T02:53:52.071Z"
  }
},
{
  "model": "agreements.signature",
  "pk": 8,
  "fields": {
    "agreement": 3,
    "signatory": 4,
    "username": "student2",
    "first_name": "Student",
    "last_name": "Two",
    "email": "student2@test.com",
    "department": 1,
    "signed_at": "2020-04-25T03:59:52.026Z"
  }
},
{
  "model": "agreements.signature",
  "pk": 9,
  "fields": {
    "agreement": 4,
    "signatory": 4,
    "username": "student2",
    "first_name": "Student",
    "last_name": "Two",
    "email": "student2@test.com",
    "department": 1,
    "signed_at": "2020-04-25T17:26:36.951Z"
  }
},
{
  "model": "agreements.signature",
  "pk": 10,
  "fields": {
    "agreement": 5,
    "signatory": 4,
    "username": "student2",
    "first_name": "Student",
    "last_name": "Two",
    "email": "student2@test.com",
    "department": 2,
    "signed_at": "2020-04-25T17:27:32.308Z"
  }
},
{
  "model": "agreements.signature",
  "pk": 11,
  "fields": {
    "agreement": 1,
    "signatory": 5,
    "username": "student3",
    "first_name": "Student",
    "last_name": "Three",
    "email": "student3@test.com",
    "department": 1,
    "signed_at": "2020-04-25T17:28:10.272Z"
  }
},
{
  "model": "agreements.signature",
  "pk": 12,
  "fields": {
    "agreement": 2,
    "signatory": 5,
    "username": "student3",
    "first_name": "Student",
    "last_name": "Three",
    "email": "student3@test.com",
    "department": 2,
    "signed_at": "2020-04-25T17:28:13.347Z"
  }
},
{
  "model": "agreements.signature",
  "pk": 13,
  "fields": {
    "agreement": 3,
    "signatory": 5,
    "username": "student3",
    "first_name": "Student",
    "last_name": "Three",
    "email": "student3@test.com",
    "department": 2,
    "signed_at": "2020-04-25T17:28:16.095Z"
  }
},
{
  "model": "agreements.signature",
  "pk": 14,
  "fields": {
    "agreement": 4,
    "signatory": 5,
    "username": "student3",
    "first_name": "Student",
    "last_name": "Three",
    "email": "student3@test.com",
    "department": 2,
    "signed_at": "2020-04-25T17:28:24.489Z"
  }
},
{
  "model": "agreements.signature",
  "pk": 15,
  "fields": {
    "agreement": 5,
    "signatory": 5,
    "username": "student3",
    "first_name": "Student",
    "last_name": "Three",
    "email": "student3@test.com",
    "department": 1,
    "signed_at": "2020-04-25T17:28:29.910Z"
  }
},
{
  "model": "agreements.signature",
  "pk": 16,
  "fields": {
    "agreement": 1,
    "signatory": 6,
    "username": "student4",
    "first_name": "Student",
    "last_name": "Four",
    "email": "student4@test.com",
    "department": 1,
    "signed_at": "2020-04-25T17:28:58.824Z"
  }
},
{
  "model": "agreements.signature",
  "pk": 17,
  "fields": {
    "agreement": 2,
    "signatory": 6,
    "username": "student4",
    "first_name": "Student",
    "last_name": "Four",
    "email": "student4@test.com",
    "department": 1,
    "signed_at": "2020-04-25T17:29:03.273Z"
  }
},
{
  "model": "agreements.signature",
  "pk": 18,
  "fields": {
    "agreement": 3,
    "signatory": 6,
    "username": "student4",
    "first_name": "Student",
    "last_name": "Four",
    "email": "student4@test.com",
    "department": 3,
    "signed_at": "2020-04-25T17:29:07.745Z"
  }
},
{
  "model": "agreements.signature",
  "pk": 19,
  "fields": {
    "agreement": 4,
    "signatory": 6,
    "username": "student4",
    "first_name": "Student",
    "last_name": "Four",
    "email": "student4@test.com",
    "department": 2,
    "signed_at": "2020-04-25T17:29:10.597Z"
  }
},
{
  "model": "agreements.signature",
  "pk": 20,
  "fields": {
    "agreement": 5,
    "signatory": 6,
    "username": "student4",
    "first_name": "Student",
    "last_name": "Four",
    "email": "student4@test.com",
    "department": 4,
    "signed_at": "2020-04-25T17:29:14.513Z"
  }
},
{
  "model": "agreements.signature",
  "pk": 21,
  "fields": {
    "agreement": 1,
    "signatory": 7,
    "username": "student5",
    "first_name": "Student",
    "last_name": "Five",
    "email": "student5@test.com",
    "department": 1,
    "signed_at": "2020-04-25T17:29:37.147Z"
  }
},
{
  "model": "agreements.signature",
  "pk": 22,
  "fields": {
    "agreement": 2,
    "signatory": 7,
    "username": "student5",
    "first_name": "Student",
    "last_name": "Five",
    "email": "student5@test.com",
    "department": 2,
    "signed_at": "2020-04-25T17:29:43.967Z"
  }
},
{
  "model": "agreements.signature",
  "pk": 23,
  "fields": {
    "agreement": 3,
    "signatory": 7,
    "username": "student5",
    "first_name": "Student",
    "last_name": "Five",
    "email": "student5@test.com",
    "department": 6,
    "signed_at": "2020-04-25T17:29:47.983Z"
  }
},
{
  "model": "agreements.signature",
  "pk": 24,
  "fields": {
    "agreement": 4,
    "signatory": 7,
    "username": "student5",
    "first_name": "Student",
    "last_name": "Five",
    "email": "student5@test.com",
    "department": 5,
    "signed_at": "2020-04-25T17:29:52.431Z"
  }
},
{
  "model": "agreements.signature",
  "pk": 25,
  "fields": {
    "agreement": 5,
    "signatory": 7,
    "username": "student5",
    "first_name": "Student",
    "last_name": "Five",
    "email": "student5@test.com",
    "department": 4,
    "signed_at": "2020-04-25T17:29:56.278Z"
  }
}
]
